"maturite";"tauxSansVa";"tauxAvecVa";"tauxAvecVaChocHausse";"tauxAvecVaChocBaisse"
1;0,0259199999999999;0,02732;0,046444;0,00683
2;0,0258275590018608;0,0272295848549233;0,0462902942533697;0,00953035469922316
3;0,0258401681297293;0,0272431777746147;0,0446788115503681;0,0119869982208305
4;0,025989462168942;0,0273915846841406;0,0435526196477836;0,0136957923420703
5;0,0262800000000001;0,0276799999999999;0,0429039999999999;0,0149472
6;0,0266941096248778;0,0280917344956428;0,0426994364333771;0,0162932060074728
7;0,0271612294355146;0,0285570667179686;0,0425500294097733;0,0174198106979609
8;0,0276333514379172;0,0290286482248054;0,042672112890464;0,0185783348638755
9;0,028084617777302;0,0294811592276456;0,0424528692878097;0,0197523766825226
10;0,0285;0,0299;0,0424580000000001;0,020631
11;0,0288727434448746;0,0302783689981967;0,0420869329074934;0,0211948582987377
12;0,0292077968117739;0,0306198557639705;0,0419492023966396;0,0217400975924191
13;0,0295108215815336;0,030928910116865;0,0417540286577678;0,0222688152841428
14;0,0297859251021908;0,0312088031925581;0,0418197962780279;0,0224703382986419
15;0,0300361654706676;0,0314619938303684;0,04184445179439;0,0229672554961689
16;0,030263868264266;0,0316903595359783;0,0416903595359783;0,0228170588659044
17;0,0304708324680327;0,0318953475378589;0,0418953475378589;0,0229646502272584
18;0,0306584686021925;0,032078076842476;0,042078076842476;0,0230962153265827
19;0,0308278939705369;0,0322394092303375;0,0422394092303375;0,0228899805535396
20;0,03098;0,0323800000000001;0,0423800000000001;0,0229898000000001
21;0,0311158131745044;0,0325008335557655;0,0425008335557655;0,0231173786105938
22;0,031237357238886;0,0326045752969277;0,0426045752969277;0,0232330887972965
23;0,0313465842989438;0,0326938532455139;0,0426938532455139;0,0233387406668333
24;0,0314451171683086;0,0327708328774086;0,0427708328774086;0,023435827054901
25;0,031534315332254;0,0328373109053532;0,0428373109053532;0,0235255877414781
26;0,0316153257016076;0,0328947873974192;0,0428947873974192;0,023609058840662
27;0,0316891220952362;0,0329445218373361;0,0429445218373361;0,0236871112010447
28;0,0317565362656962;0,0329875771345591;0,0429875771345591;0,023760480558921
29;0,0318182825071132;0,0330248544886274;0,0430248544886274;0,0238297914317224
30;0,0318749773412417;0,033057121239406;0,043057121239406;0,0238955762101992
31;0,0319271553920302;0,0330850332858439;0,0430850332858439;0,0239582905322775
32;0,0319752822817314;0,0331091532610184;0,0431091532610184;0,0240183257513502
33;0,0320197651798666;0,033129965363861;0,043129965363861;0,0240760191151373
34;0,0320609614879515;0,0331478875365099;0,0431478875365099;0,0241316621265792
35;0,032099186032627;0,033163281519043;0,043163281519043;0,0241855074506735
36;0,0321347170570996;0,0331764611953844;0,0431764611953844;0,0242377746504566
37;0,0321678012381732;0,0331876995548335;0,0431876995548335;0,0242886549742017
38;0,0321986579083491;0,0331972345254594;0,0431972345254594;0,0243383153692368
39;0,032227482625679;0,0332052738830859;0,0432052738830859;0,0243869018618492
40;0,032254450205544;0,0332119993988731;0,0432119993988731;0,0244345424148852
41;0,032279717306273;0,033217570356707;0,043217570356707;0,0244813493528931
42;0,0323034246430129;0,0332221265466004;0,0432221265466004;0,0245274214275473
43;0,0323256988904292;0,0332257908205362;0,0432257908205362;0,0245728455825594
44;0,0323466543238073;0,0332286712814402;0,0432286712814402;0,024617698466507
45;0,0323663942393166;0,033230863163376;0,043230863163376;0,0246620477333912
46;0,0323850121871097;0,0332324504509092;0,0432324504509092;0,0247059531637902
47;0,0324025930451992;0,0332335072774004;0,0432335072774004;0,0247494676338697
48;0,032419213957404;0,0332340991353137;0,0432340991353137;0,024792637954944
49;0,0324349451548431;0,0332342839261912;0,0432342839261912;0,024835505602558
50;0,0324498506773476;0,0332341128734805;0,0432341128734805;0,0248781073510054
51;0,0324639890085872;0,0332336313177326;0,0432336313177326;0,0249204758266826
52;0,0324774136365855;0,0332328794106413;0,0432328794106413;0,0249626399915932
53;0,0324901735495351;0,0332318927218849;0,0432318927218849;0,0250046255665954
54;0,0325023136753508;0,0332307027706196;0,0432307027706196;0,0250464554025413
55;0,0325138752721776;0,033229337491729;0,043229337491729;0,0250881498062554
56;0,0325248962760258;0,0332278216454538;0,0432278216454538;0,0251297268272903
57;0,0325354116108507;0,0332261771777922;0,0432261771777922;0,0251712025105474
58;0,0325454534656486;0,0332244235380137;0,0432244235380137;0,0252125911191327
59;0,0325550515425257;0,0332225779587474;0,0432225779587474;0,0252539053312135
60;0,0325642332791651;0,0332206557033499;0,0432206557033499;0,0252951564141221
61;0,0325730240486666;0,0332186702846253;0,0432186702846253;0,0253363543785164
62;0,032581447339348;0,0332166336584214;0,0432166336584214;0,025377508115034
63;0,0325895249167691;0,0332145563951591;0,0432145563951591;0,0254186255155525
64;0,0325972769699505;0,0332124478319573;0,0432124478319573;0,0254597135808976
65;0,032604722243522;0,0332103162076653;0,0432103162076653;0,0255007785166002
66;0,0326118781573186;0,0332081687828267;0,0432081687828267;0,0255418258181056
67;0,0326187609147597;0,0332060119463398;0,0432060119463398;0,0255828603466586
68;0,0326253856011944;0,0332038513103561;0,0432038513103561;0,0256238863969348
69;0,0326317662732505;0,0332016917947786;0,0432016917947786;0,0256649077573639
70;0,0326379160401087;0,0331995377025402;0,0431995377025403;0,0257059277639669
71;0,0326438471375199;0,0331973927867146;0,0431973927867146;0,0257469493484391
72;0,0326495709952892;0,0331952603103738;0,0431952603103738;0,0257879750811161
73;0,0326550982988703;0,0331931431000074;0,0431931431000074;0,0258290072093915
74;0,0326604390456453;0,0331910435932132;0,0431910435932132;0,0258700476920816
75;0,0326656025964014;0,0331889638812966;0,0431889638812966;0,0259110982301837
76;0,0326705977224611;0,0331869057473309;0,0431869057473309;0,0259521602944127
77;0,0326754326488763;0,0331848707001798;0,0431848707001798;0,0259932351498694
78;0,0326801150940512;0,0331828600049131;0,0431828600049131;0,0260343238781404
79;0,0326846523061242;0,0331808747100077;0,0431808747100077;0,0260754273971075
80;0,0326890510964013;0,0331789156716797;0,0431789156716797;0,0261165464787079
81;0,0326933178701112;0,0331769835756506;0,0431769835756506;0,0261576817648594
82;0,0326974586547168;0,0331750789566216;0,0431750789566216;0,0261988337817435
83;0,032701479125999;0,033173202215701;0,043173202215701;0,0262400029526195
84;0,0327053846321115;0,0331713536359945;0,0431713536359946;0,026281189609318
85;0,0327091802157775;0,0331695333965576;0,0431695333965576;0,0263223940025539
86;0,0327128706347892;0,0331677415848766;0,0431677415848766;0,026363616311179
87;0,0327164603809553;0,0331659782080351;0,0431659782080351;0,0264048566504828
88;0,032719953697625;0,0331642432026997;0,0431642432026997;0,0264461150796386
89;0,0327233545959089;0,03316253644405;0,04316253644405;0,0264873916083833
90;0,0327266668697022;0,0331608577537588;0,0431608577537588;0,026528686203007
91;0,0327298941096104;0,0331592069071258;0,0431592069071258;0,0265273655257007
92;0,0327330397158645;0,0331575836394453;0,0431575836394453;0,0265260669115563
93;0,0327361069103091;0,0331559876516923;0,0431559876516923;0,0265247901213538
94;0,0327390987475349;0,0331544186155939;0,0431544186155939;0,0265235348924751
95;0,0327420181252238;0,0331528761781508;0,0431528761781508;0,0265223009425206
96;0,0327448677937705;0,0331513599656639;0,0431513599656639;0,0265210879725311
97;0,0327476503652331;0,0331498695873171;0,0431498695873171;0,0265198956698537
98;0,032750368321667;0,0331484046383632;0,0431484046383632;0,0265187237106906
99;0,0327530240228897;0,0331469647029512;0,0431469647029512;0,026517571762361
100;0,032755619713716;0,0331455493566337;0,0431455493566337;0,026516439485307
101;0,0327581575307083;0,0331441581685872;0,0431441581685872;0,0265153265348697
102;0,0327606395084745;0,0331427907035724;0,0431427907035724;0,0265142325628579
103;0,0327630675855484;0,0331414465236659;0,0431414465236659;0,0265131572189327
104;0,0327654436098834;0,0331401251897809;0,0431401251897809;0,0265121001518247
105;0,0327677693439876;0,0331388262630052;0,0431388262630052;0,0265110610104042
106;0,0327700464697267;0,0331375493057693;0,0431375493057693;0,0265100394446154
107;0,0327722765928158;0,0331362938828683;0,0431362938828683;0,0265090351062947
108;0,0327744612470275;0,033135059562347;0,043135059562347;0,0265080476498776
109;0,0327766018981319;0,0331338459162676;0,0431338459162676;0,026507076733014
110;0,0327786999475883;0,0331326525213693;0,0431326525213693;0,0265061220170955
111;0,0327807567360077;0,0331314789596329;0,0431314789596329;0,0265051831677063
112;0,0327827735464004;0,0331303248187587;0,0431303248187587;0,0265042598550069
113;0,0327847516072244;0,0331291896925703;0,0431291896925703;0,0265033517540562
114;0,0327866920952462;0,0331280731813486;0,0431280731813486;0,0265024585450789
115;0,0327885961382302;0,0331269748921066;0,0431269748921066;0,0265015799136853
116;0,0327904648174651;0,0331258944388098;0,0431258944388098;0,0265007155510478
117;0,0327922991701397;0,033124831442549;0,043124831442549;0,0264998651540392
118;0,0327941001915788;0,0331237855316717;0,0431237855316717;0,0264990284253374
119;0,032795868837346;0,0331227563418746;0,0431227563418746;0,0264982050734996
120;0,0327976060252242;0,0331217435162638;0,0431217435162638;0,0264973948130111
121;0,0327993126370825;0,0331207467053869;0,0431207467053869;0,0264965973643095
122;0,0328009895206345;0,0331197655672371;0,0431197655672371;0,0264958124537896
123;0,0328026374910948;0,0331187997672377;0,0431187997672378;0,0264950398137902
124;0,0328042573327452;0,0331178489782056;0,0431178489782056;0,0264942791825645
125;0,0328058498004082;0,0331169128802964;0,0431169128802964;0,0264935303042371
126;0,032807415620842;0,0331159911609382;0,0431159911609382;0,0264927929287506
127;0,0328089554940556;0,03311508351475;0,04311508351475;0,0264920668118
128;0,0328104700945522;0,0331141896434497;0,0431141896434497;0,0264913517147598
129;0,0328119600725048;0,0331133092557534;0,0431133092557534;0,0264906474046027
130;0,0328134260548674;0,0331124420672668;0,0431124420672668;0,0264899536538135
131;0,0328148686464271;0,0331115878003709;0,0431115878003709;0,0264892702402968
132;0,0328162884307988;0,0331107461840996;0,0431107461840996;0,0264885969472797
133;0,0328176859713674;0,0331099169540168;0,0431099169540168;0,0264879335632134
134;0,0328190618121813;0,0331090998520875;0,0431090998520875;0,02648727988167
135;0,0328204164787971;0,0331082946265475;0,0431082946265475;0,026486635701238
136;0,0328217504790829;0,0331075010317705;0,0431075010317705;0,0264860008254164
137;0,0328230643039773;0,0331067188281347;0,0431067188281347;0,0264853750625077
138;0,0328243584282115;0,0331059477818885;0,0431059477818885;0,0264847582255108
139;0,0328256333109951;0,0331051876650166;0,0431051876650166;0,0264841501320133
140;0,0328268893966641;0,0331044382551047;0,0431044382551047;0,0264835506040837
141;0,032828127115301;0,0331036993352067;0,0431036993352067;0,0264829594681654
142;0,0328293468833192;0,0331029706937129;0,0431029706937129;0,0264823765549703
143;0,0328305491040233;0,033102252124217;0,043102252124217;0,0264818016993736
144;0,0328317341681374;0,0331015434253883;0,0431015434253883;0,0264812347403106
145;0,0328329024543115;0,0331008444008423;0,0431008444008423;0,0264806755206738
146;0,0328340543296006;0,0331001548590153;0,0431001548590153;0,0264801238872122
147;0,0328351901499229;0,0330994746130411;0,0430994746130411;0,0264795796904329
148;0,0328363102604943;0,033098803480627;0,043098803480627;0,0264790427845016
149;0,032837414996244;0,0330981412839366;0,0430981412839366;0,0264785130271493
150;0,0328385046822099;0,0330974878494712;0,0430974878494712;0,026477990279577
