"annee";"tauxServiEquivalentCertain";"ppeEquivalentCertain";"tauxServiMoyenStochastique"
1;0,0298957292290537;37186318,1471848;0,0298957292290537
2;0,0317726811216674;26921957,9621741;0,0319487830200793
3;0,0330538335765477;16408165,6588989;0,0335720638624476
4;0,034044604804726;6714576,09794457;0,0340247246712099
5;0,0348721684887194;0;0,0325624527948919
6;0,0356115807229375;0;0,0327835686527293
7;0,0362335793327399;0;0,033329975665915
8;0,0293022654916238;0;0,0351100746761353
9;0,0306403261628318;0;0,0330242330248312
10;0,031912178878037;0;0,032835944167737
