"controle";"python";"R";"ecartRelatif"
"taux servi EC année 1";0,0298957292290537;0,0298957292290537;2,22044604925031e-16
"taux servi EC année 2";0,0317726811216653;0,0317726811216674;6,61692922676593e-14
"taux servi EC année 3";0,0330538335765416;0,0330538335765477;1,85185200507476e-13
"taux servi EC année 4";0,0340446048047146;0,034044604804726;3,35731442646647e-13
"taux servi EC année 5";0,0348721684887021;0,0348721684887194;4,9560355819267e-13
"taux servi EC année 6";0,035611580722912;0,0356115807229375;7,16315895488151e-13
"taux servi EC année 7";0,0362335793327097;0,0362335793327399;8,33777491493493e-13
"taux servi EC année 8";0,0293022654916204;0,0293022654916238;1,15241149956091e-13
"taux servi EC année 9";0,0306403261628249;0,0306403261628318;2,24931184789057e-13
"taux servi EC année 10";0,0319121788780257;0,031912178878037;3,5349501104065e-13
"taux servi moyen stochastique année 1";0,0298957292290538;0,0298957292290537;-3,66373598126302e-15
"taux servi moyen stochastique année 2";0,0319487830200755;0,0319487830200793;1,19015908239817e-13
"taux servi moyen stochastique année 3";0,0335720638624389;0,0335720638624476;2,58237875527811e-13
"taux servi moyen stochastique année 4";0,0340247246711806;0,0340247246712099;8,60866933294346e-13
"taux servi moyen stochastique année 5";0,0325624527948732;0,0325624527948919;5,75761660570606e-13
"taux servi moyen stochastique année 6";0,032783568652728;0,0327835686527293;4,04121180963557e-14
"taux servi moyen stochastique année 7";0,0333299756658952;0,033329975665915;5,91304782915358e-13
"taux servi moyen stochastique année 8";0,0351100746761008;0,0351100746761353;9,82769421398189e-13
"taux servi moyen stochastique année 9";0,0330242330247946;0,0330242330248312;1,10800257857591e-12
"taux servi moyen stochastique année 10";0,032835944167686;0,032835944167737;1,55209178842597e-12
