"actions";"immobilier";"valeurNette";"scrMarche";"tauxServiMoyen10Ans"
0,04;0,04;103756738,541126;40895801,5065787;0,0327759851257678
0,04;0,07;103628870,321303;41194764,821351;0,0328471342239119
0,04;0,1;103597040,683757;43763142,8765758;0,0329335059906413
0,08;0,04;103740303,395651;44166529,2578089;0,0329801262135789
0,08;0,07;103599785,988125;44861214,2118434;0,0330528240989227
0,08;0,1;103374562,011077;45653306,0657881;0,0331251940917409
0,12;0,04;103289595,958669;46655198,610088;0,0329174972991048
0,12;0,07;103107948,673714;47502040,8024443;0,032908754976503
0,12;0,1;102802454,777198;49536220,8127086;0,0328932424551924
0,16;0,04;102404189,513147;49217852,105672;0,032563788154433
0,16;0,07;102194218,586509;51527813,5819361;0,0324989021717569
0,16;0,1;100733514,756016;53074938,2101012;0,0325671054331865
0,2;0,04;100508835,531796;53721865,2973014;0,032234305393582
0,2;0,07;98585377,6351292;53739559,0306193;0,0323088409864034
0,2;0,1;96220205,1099815;52988788,7661646;0,0324214537110268
