maturite;tauxSansVa;tauxAvecVa;tauxAvecVaChocHausse;tauxAvecVaChocBaisse
1;0,02592;0,02732;0,046444;0,00683
2;0,025828;0,02723;0,04629;0,00953
3;0,02584;0,027243;0,044679;0,011987
4;0,025989;0,027392;0,043553;0,013696
5;0,02628;0,02768;0,042904;0,014947
6;0,026694;0,028092;0,042699;0,016293
7;0,027161;0,028557;0,04255;0,01742
8;0,027633;0,029029;0,042672;0,018578
9;0,028085;0,029481;0,042453;0,019752
10;0,0285;0,0299;0,042458;0,020631
11;0,028873;0,030278;0,042087;0,021195
12;0,029208;0,03062;0,041949;0,02174
13;0,029511;0,030929;0,041754;0,022269
14;0,029786;0,031209;0,04182;0,02247
15;0,030036;0,031462;0,041844;0,022967
16;0,030264;0,03169;0,04169;0,022817
17;0,030471;0,031895;0,041895;0,022965
18;0,030658;0,032078;0,042078;0,023096
19;0,030828;0,032239;0,042239;0,02289
20;0,03098;0,03238;0,04238;0,02299
21;0,031116;0,032501;0,042501;0,023117
22;0,031237;0,032605;0,042605;0,023233
23;0,031347;0,032694;0,042694;0,023339
24;0,031445;0,032771;0,042771;0,023436
25;0,031534;0,032837;0,042837;0,023526
26;0,031615;0,032895;0,042895;0,023609
27;0,031689;0,032945;0,042945;0,023687
28;0,031757;0,032988;0,042988;0,02376
29;0,031818;0,033025;0,043025;0,02383
30;0,031875;0,033057;0,043057;0,023896
31;0,031927;0,033085;0,043085;0,023958
32;0,031975;0,033109;0,043109;0,024018
33;0,03202;0,03313;0,04313;0,024076
34;0,032061;0,033148;0,043148;0,024132
35;0,032099;0,033163;0,043163;0,024186
36;0,032135;0,033176;0,043176;0,024238
37;0,032168;0,033188;0,043188;0,024289
38;0,032199;0,033197;0,043197;0,024338
39;0,032227;0,033205;0,043205;0,024387
40;0,032254;0,033212;0,043212;0,024435
41;0,03228;0,033218;0,043218;0,024481
42;0,032303;0,033222;0,043222;0,024527
43;0,032326;0,033226;0,043226;0,024573
44;0,032347;0,033229;0,043229;0,024618
45;0,032366;0,033231;0,043231;0,024662
46;0,032385;0,033232;0,043232;0,024706
47;0,032403;0,033234;0,043234;0,024749
48;0,032419;0,033234;0,043234;0,024793
49;0,032435;0,033234;0,043234;0,024836
50;0,03245;0,033234;0,043234;0,024878
51;0,032464;0,033234;0,043234;0,02492
52;0,032477;0,033233;0,043233;0,024963
53;0,03249;0,033232;0,043232;0,025005
54;0,032502;0,033231;0,043231;0,025046
55;0,032514;0,033229;0,043229;0,025088
56;0,032525;0,033228;0,043228;0,02513
57;0,032535;0,033226;0,043226;0,025171
58;0,032545;0,033224;0,043224;0,025213
59;0,032555;0,033223;0,043223;0,025254
60;0,032564;0,033221;0,043221;0,025295
61;0,032573;0,033219;0,043219;0,025336
62;0,032581;0,033217;0,043217;0,025378
63;0,03259;0,033215;0,043215;0,025419
64;0,032597;0,033212;0,043212;0,02546
65;0,032605;0,03321;0,04321;0,025501
66;0,032612;0,033208;0,043208;0,025542
67;0,032619;0,033206;0,043206;0,025583
68;0,032625;0,033204;0,043204;0,025624
69;0,032632;0,033202;0,043202;0,025665
70;0,032638;0,0332;0,0432;0,025706
71;0,032644;0,033197;0,043197;0,025747
72;0,03265;0,033195;0,043195;0,025788
73;0,032655;0,033193;0,043193;0,025829
74;0,03266;0,033191;0,043191;0,02587
75;0,032666;0,033189;0,043189;0,025911
76;0,032671;0,033187;0,043187;0,025952
77;0,032675;0,033185;0,043185;0,025993
78;0,03268;0,033183;0,043183;0,026034
79;0,032685;0,033181;0,043181;0,026075
80;0,032689;0,033179;0,043179;0,026117
81;0,032693;0,033177;0,043177;0,026158
82;0,032697;0,033175;0,043175;0,026199
83;0,032701;0,033173;0,043173;0,02624
84;0,032705;0,033171;0,043171;0,026281
85;0,032709;0,03317;0,04317;0,026322
86;0,032713;0,033168;0,043168;0,026364
87;0,032716;0,033166;0,043166;0,026405
88;0,03272;0,033164;0,043164;0,026446
89;0,032723;0,033163;0,043163;0,026487
90;0,032727;0,033161;0,043161;0,026529
91;0,03273;0,033159;0,043159;0,026527
92;0,032733;0,033158;0,043158;0,026526
93;0,032736;0,033156;0,043156;0,026525
94;0,032739;0,033154;0,043154;0,026524
95;0,032742;0,033153;0,043153;0,026522
96;0,032745;0,033151;0,043151;0,026521
97;0,032748;0,03315;0,04315;0,02652
98;0,03275;0,033148;0,043148;0,026519
99;0,032753;0,033147;0,043147;0,026518
100;0,032756;0,033146;0,043146;0,026516
101;0,032758;0,033144;0,043144;0,026515
102;0,032761;0,033143;0,043143;0,026514
103;0,032763;0,033141;0,043141;0,026513
104;0,032765;0,03314;0,04314;0,026512
105;0,032768;0,033139;0,043139;0,026511
106;0,03277;0,033138;0,043138;0,02651
107;0,032772;0,033136;0,043136;0,026509
108;0,032774;0,033135;0,043135;0,026508
109;0,032777;0,033134;0,043134;0,026507
110;0,032779;0,033133;0,043133;0,026506
111;0,032781;0,033131;0,043131;0,026505
112;0,032783;0,03313;0,04313;0,026504
113;0,032785;0,033129;0,043129;0,026503
114;0,032787;0,033128;0,043128;0,026502
115;0,032789;0,033127;0,043127;0,026502
116;0,03279;0,033126;0,043126;0,026501
117;0,032792;0,033125;0,043125;0,0265
118;0,032794;0,033124;0,043124;0,026499
119;0,032796;0,033123;0,043123;0,026498
120;0,032798;0,033122;0,043122;0,026497
121;0,032799;0,033121;0,043121;0,026497
122;0,032801;0,03312;0,04312;0,026496
123;0,032803;0,033119;0,043119;0,026495
124;0,032804;0,033118;0,043118;0,026494
125;0,032806;0,033117;0,043117;0,026494
126;0,032807;0,033116;0,043116;0,026493
127;0,032809;0,033115;0,043115;0,026492
128;0,03281;0,033114;0,043114;0,026491
129;0,032812;0,033113;0,043113;0,026491
130;0,032813;0,033112;0,043112;0,02649
131;0,032815;0,033112;0,043112;0,026489
132;0,032816;0,033111;0,043111;0,026489
133;0,032818;0,03311;0,04311;0,026488
134;0,032819;0,033109;0,043109;0,026487
135;0,03282;0,033108;0,043108;0,026487
136;0,032822;0,033108;0,043108;0,026486
137;0,032823;0,033107;0,043107;0,026485
138;0,032824;0,033106;0,043106;0,026485
139;0,032826;0,033105;0,043105;0,026484
140;0,032827;0,033104;0,043104;0,026484
141;0,032828;0,033104;0,043104;0,026483
142;0,032829;0,033103;0,043103;0,026482
143;0,032831;0,033102;0,043102;0,026482
144;0,032832;0,033102;0,043102;0,026481
145;0,032833;0,033101;0,043101;0,026481
146;0,032834;0,0331;0,0431;0,02648
147;0,032835;0,033099;0,043099;0,02648
148;0,032836;0,033099;0,043099;0,026479
149;0,032837;0,033098;0,043098;0,026479
150;0,032839;0,033097;0,043097;0,026478
