indicateur;valeur
provisions mathématiques;999999999,9999999
nombre de contrats;25005,0
taux garanti moyen pondéré;0,006806122448979592
âge moyen pondéré;60,61224489795919
plus ou moins-values latentes totales;-29521601,880437493
plus ou moins-values latentes obligataires;-78801601,8804375
part des PM au taux garanti 0.0%;0,5387755102040815
part des PM au taux garanti 0.5%;0,14489795918367343
part des PM au taux garanti 1.0%;0,0816326530612245
part des PM au taux garanti 1.5%;0,11530612244897959
part des PM au taux garanti 2.5%;0,06428571428571428
part des PM au taux garanti 3.5%;0,05510204081632653
