modelPoint;age;sexe;anciennete;tmg;pm;nbContrats
MP001;35;F;2;0,0;12346938,775510203;309,0
MP002;35;H;2;0,0;10102040,816326529;253,0
MP003;35;F;5;0,0;11224489,795918368;281,0
MP004;35;H;5;0,0;9183673,469387757;230,0
MP005;35;F;8;0,0;6061224,489795917;152,0
MP006;35;H;8;0,0;4959183,673469387;124,0
MP007;35;F;8;0,005;4040816,3265306116;101,0
MP008;35;H;8;0,005;3306122,448979591;83,0
MP009;35;F;12;0,005;3928571,4285714286;98,0
MP010;35;H;12;0,005;3214285,714285714;80,0
MP011;35;F;12;0,01;4489795,918367347;112,0
MP012;35;H;12;0,01;3673469,387755102;92,0
MP013;35;F;12;0,015;2806122,448979592;70,0
MP014;35;H;12;0,015;2295918,367346939;57,0
MP015;45;F;2;0,0;20989795,91836734;525,0
MP016;45;H;2;0,0;17173469,3877551;429,0
MP017;45;F;5;0,0;19081632,653061222;477,0
MP018;45;H;5;0,0;15612244,897959182;390,0
MP019;45;F;8;0,0;10304081,63265306;258,0
MP020;45;H;8;0,0;8430612,244897958;211,0
MP021;45;F;8;0,005;6869387,75510204;172,0
MP022;45;H;8;0,005;5620408,1632653065;141,0
MP023;45;F;12;0,005;6678571,428571429;167,0
MP024;45;H;12;0,005;5464285,714285714;137,0
MP025;45;F;12;0,01;7632653,0612244895;191,0
MP026;45;H;12;0,01;6244897,959183672;156,0
MP027;45;F;12;0,015;4770408,163265306;119,0
MP028;45;H;12;0,015;3903061,2244897955;98,0
MP029;45;F;20;0,015;6678571,428571429;167,0
MP030;45;H;20;0,015;5464285,714285714;137,0
MP031;45;F;20;0,025;6678571,428571429;167,0
MP032;45;H;20;0,025;5464285,714285714;137,0
MP033;45;F;20;0,035;5724489,795918368;143,0
MP034;45;H;20;0,035;4683673,469387755;117,0
MP035;55;F;2;0,0;27163265,306122445;679,0
MP036;55;H;2;0,0;22224489,795918364;556,0
MP037;55;F;5;0,0;24693877,551020406;617,0
MP038;55;H;5;0,0;20204081,632653058;505,0
MP039;55;F;8;0,0;13334693,877551017;333,0
MP040;55;H;8;0,0;10910204,081632648;273,0
MP041;55;F;8;0,005;8889795,918367347;222,0
MP042;55;H;8;0,005;7273469,3877551;182,0
MP043;55;F;12;0,005;8642857,142857142;216,0
MP044;55;H;12;0,005;7071428,571428571;177,0
MP045;55;F;12;0,01;9877551,020408163;247,0
MP046;55;H;12;0,01;8081632,653061223;202,0
MP047;55;F;12;0,015;6173469,387755102;154,0
MP048;55;H;12;0,015;5051020,408163264;126,0
MP049;55;F;20;0,015;8642857,142857142;216,0
MP050;55;H;20;0,015;7071428,571428571;177,0
MP051;55;F;20;0,025;8642857,142857142;216,0
MP052;55;H;20;0,025;7071428,571428571;177,0
MP053;55;F;20;0,035;7408163,265306123;185,0
MP054;55;H;20;0,035;6061224,489795918;152,0
MP055;65;F;2;0,0;29632653,061224487;741,0
MP056;65;H;2;0,0;24244897,959183667;606,0
MP057;65;F;5;0,0;26938775,510204077;673,0
MP058;65;H;5;0,0;22040816,32653061;551,0
MP059;65;F;8;0,0;14546938,775510198;364,0
MP060;65;H;8;0,0;11902040,816326525;298,0
MP061;65;F;8;0,005;9697959,183673467;242,0
MP062;65;H;8;0,005;7934693,877551019;198,0
MP063;65;F;12;0,005;9428571,428571427;236,0
MP064;65;H;12;0,005;7714285,714285713;193,0
MP065;65;F;12;0,01;10775510,204081632;269,0
MP066;65;H;12;0,01;8816326,530612245;220,0
MP067;65;F;12;0,015;6734693,877551019;168,0
MP068;65;H;12;0,015;5510204,081632652;138,0
MP069;65;F;20;0,015;9428571,428571427;236,0
MP070;65;H;20;0,015;7714285,714285713;193,0
MP071;65;F;20;0,025;9428571,428571427;236,0
MP072;65;H;20;0,025;7714285,714285713;193,0
MP073;65;F;20;0,035;8081632,653061223;202,0
MP074;65;H;20;0,035;6612244,897959182;165,0
MP075;75;F;2;0,0;20989795,91836734;525,0
MP076;75;H;2;0,0;17173469,3877551;429,0
MP077;75;F;5;0,0;19081632,653061222;477,0
MP078;75;H;5;0,0;15612244,897959182;390,0
MP079;75;F;8;0,0;10304081,63265306;258,0
MP080;75;H;8;0,0;8430612,244897958;211,0
MP081;75;F;8;0,005;6869387,75510204;172,0
MP082;75;H;8;0,005;5620408,1632653065;141,0
MP083;75;F;12;0,005;6678571,428571429;167,0
MP084;75;H;12;0,005;5464285,714285714;137,0
MP085;75;F;12;0,01;7632653,0612244895;191,0
MP086;75;H;12;0,01;6244897,959183672;156,0
MP087;75;F;12;0,015;4770408,163265306;119,0
MP088;75;H;12;0,015;3903061,2244897955;98,0
MP089;75;F;20;0,015;6678571,428571429;167,0
MP090;75;H;20;0,015;5464285,714285714;137,0
MP091;75;F;20;0,025;6678571,428571429;167,0
MP092;75;H;20;0,025;5464285,714285714;137,0
MP093;75;F;20;0,035;5724489,795918368;143,0
MP094;75;H;20;0,035;4683673,469387755;117,0
MP095;85;F;2;0,0;12346938,775510203;309,0
MP096;85;H;2;0,0;10102040,816326529;253,0
MP097;85;F;5;0,0;11224489,795918368;281,0
MP098;85;H;5;0,0;9183673,469387757;230,0
MP099;85;F;8;0,0;6061224,489795917;152,0
MP100;85;H;8;0,0;4959183,673469387;124,0
MP101;85;F;8;0,005;4040816,3265306116;101,0
MP102;85;H;8;0,005;3306122,448979591;83,0
MP103;85;F;12;0,005;3928571,4285714286;98,0
MP104;85;H;12;0,005;3214285,714285714;80,0
MP105;85;F;12;0,01;4489795,918367347;112,0
MP106;85;H;12;0,01;3673469,387755102;92,0
MP107;85;F;12;0,015;2806122,448979592;70,0
MP108;85;H;12;0,015;2295918,367346939;57,0
MP109;85;F;20;0,015;3928571,4285714286;98,0
MP110;85;H;20;0,015;3214285,714285714;80,0
MP111;85;F;20;0,025;3928571,4285714286;98,0
MP112;85;H;20;0,025;3214285,714285714;80,0
MP113;85;F;20;0,035;3367346,93877551;84,0
MP114;85;H;20;0,035;2755102,0408163266;69,0
