ligne;type;anneeAchat;coupon;maturiteResiduelle;spread;nominal;valeurComptable;valeurMarche
OBL001;etat FR;2019;0,007;5;0,004;17733333,333333332;17733333,333333332;15844608,970553918
OBL002;etat DE;2019;0,003;8;0,0;17733333,333333332;17733333,333333332;14637590,733681867
OBL003;etat FR;2016;0,009;3;0,004;17733333,333333332;17733333,333333332;16687646,10047461
OBL004;entreprise;2022;0,027;8;0,009;17733333,333333332;17733333,333333332;16580123,379528334
OBL005;etat FR;2020;0,0065;14;0,004;17733333,333333332;17733333,333333332;12420253,983944321
OBL006;entreprise;2014;0,026;1;0,009;17733333,333333332;17733333,333333332;17580489,31318363
OBL007;etat FR;2018;0,012;2;0,004;17733333,333333332;17733333,333333332;17128235,36194852
OBL008;entreprise;2015;0,018;1;0,009;17733333,333333332;17733333,333333332;17443409,474484343
OBL009;etat FR;2017;0,012;6;0,004;17733333,333333332;17733333,333333332;15943471,197365284
OBL010;etat DE;2015;0,009;4;0,0;17733333,333333332;17733333,333333332;16602745,77188898
OBL011;etat FR;2015;0,013;2;0,004;17733333,333333332;17733333,333333332;17162174,49354356
OBL012;entreprise;2016;0,014;2;0,009;17733333,333333332;17733333,333333332;17031500,55046233
OBL013;etat FR;2022;0,022;16;0,004;17733333,333333332;17733333,333333332;15151598,593340252
OBL014;entreprise;2020;0,0115;4;0,009;17733333,333333332;17733333,333333332;16203439,329674758
OBL015;etat FR;2017;0,012;1;0,004;17733333,333333332;17733333,333333332;17424783,80197815
OBL016;entreprise;2019;0,012;13;0,009;17733333,333333332;17733333,333333332;13016994,243566101
OBL017;etat FR;2018;0,012;2;0,004;17733333,333333332;17733333,333333332;17128235,36194852
OBL018;etat DE;2024;0,029;18;0,0;17733333,333333332;17733333,333333332;17437289,487361554
OBL019;etat FR;2025;0,036;11;0,004;17733333,333333332;17733333,333333332;18284373,04985494
OBL020;entreprise;2020;0,0115;14;0,009;17733333,333333332;17733333,333333332;12605394,077744305
OBL021;etat FR;2016;0,009;1;0,004;17733333,333333332;17733333,333333332;17373129,304541454
OBL022;entreprise;2016;0,014;5;0,009;17733333,333333332;17733333,333333332;16031673,549118755
OBL023;etat FR;2020;0,0065;9;0,004;17733333,333333332;17733333,333333332;14239623,6658237
OBL024;entreprise;2018;0,017;4;0,009;17733333,333333332;17733333,333333332;16561768,848330379
OBL025;etat FR;2015;0,013;1;0,004;17733333,333333332;17733333,333333332;17442001,967790376
OBL026;etat DE;2024;0,029;10;0,0;17733333,333333332;17733333,333333332;17839107,642923065
OBL027;etat FR;2021;0,007;5;0,004;17733333,333333332;17733333,333333332;15844608,970553918
OBL028;entreprise;2024;0,038;10;0,009;17733333,333333332;17733333,333333332;17842894,438054297
OBL029;etat FR;2020;0,0065;9;0,004;17733333,333333332;17733333,333333332;14239623,6658237
OBL030;entreprise;2018;0,017;7;0,009;17733333,333333332;17733333,333333332;15669666,244415348
OBL031;etat FR;2022;0,022;6;0,004;17733333,333333332;17733333,333333332;16903464,359255534
OBL032;entreprise;2017;0,017;6;0,009;17733333,333333332;17733333,333333332;15973472,67549972
OBL033;etat FR;2025;0,036;19;0,004;17733333,333333332;17733333,333333332;18157937,50465323
OBL034;etat DE;2018;0,008;12;0,0;17733333,333333332;17733333,333333332;13984951,43226501
OBL035;etat FR;2025;0,036;11;0,004;17733333,333333332;17733333,333333332;18284373,04985494
OBL036;entreprise;2017;0,017;1;0,009;17733333,333333332;17733333,333333332;17426274,494646933
OBL037;etat FR;2014;0,021;3;0,004;17733333,333333332;17733333,333333332;17289748,511124928
OBL038;entreprise;2016;0,014;5;0,009;17733333,333333332;17733333,333333332;16031673,549118755
OBL039;etat FR;2014;0,021;3;0,004;17733333,333333332;17733333,333333332;17289748,511124928
OBL040;entreprise;2018;0,017;12;0,009;17733333,333333332;17733333,333333332;14192660,497279387
OBL041;etat FR;2020;0,0065;14;0,004;17733333,333333332;17733333,333333332;12420253,983944321
OBL042;etat DE;2016;0,005;5;0,0;17733333,333333332;17733333,333333332;15986900,712656833
OBL043;etat FR;2022;0,022;8;0,004;17733333,333333332;17733333,333333332;16553327,527174365
OBL044;entreprise;2022;0,027;16;0,009;17733333,333333332;17733333,333333332;15259795,62277168
OBL045;etat FR;2019;0,007;3;0,004;17733333,333333332;17733333,333333332;16587295,698699558
OBL046;entreprise;2017;0,017;3;0,009;17733333,333333332;17733333,333333332;16846705,341744345
OBL047;etat FR;2020;0,0065;6;0,004;17733333,333333332;17733333,333333332;15415474,958325649
OBL048;entreprise;2021;0,012;15;0,009;17733333,333333332;17733333,333333332;12395884,115519043
