annee;tauxServiMoyen;tauxServiQ5;tauxServiQ95;ppeMoyenne;rachatConjoncturelMoyen;probaRachatsMassifs;coutGarantieMoyen;probaServiAuMinimum;resultatMoyen;probaPerte
1;0,0298957292290538;0,029895729229053685;0,029895729229053685;37192741,05511848;0,0;0,0;0,0;0,0;6651973,04083418;0,0
2;0,031948783020075484;0,026650009260959125;0,03736595952427594;29581922,97371303;0,0;0,0;0,0;0,0;5607761,555969589;0,0
3;0,03357206386243893;0,024037506232443162;0,04338946456204288;21103259,17172896;3,2942260030921486e-14;0,0;0,0;0,0;5530053,354333803;0,0
4;0,03402472467118059;0,021249428768709187;0,04833715832012017;14461449,04793938;3,604608065873698e-06;0,0;0,0;0,0;5346875,446273318;0,0
5;0,032562452794873194;0,018938853508786654;0,0505618446606635;11293141,083174063;0,002594703371817548;0,002;0,0;0,0;5069393,055793943;0,0
6;0,03278356865272796;0,016263816732715375;0,053886895073359184;9758320,862526633;0,01054870781516623;0,011;5666,728065329861;0,003;5007382,088203613;0,004
7;0,033329975665895246;0,014915260750086902;0,054813493213458186;9193274,577886842;0,013903241895174851;0,027;1875,7429603440034;0,001;4880793,452007085;0,002
8;0,03511007467610079;0,01616487187999722;0,0579830454029517;7499423,684208395;0,016181682101036966;0,037;24480,532475886055;0,013;4437387,276729578;0,012
9;0,03302423302479463;0,0114085101015856;0,057545652503935826;7388445,915787865;0,019285193089308907;0,059;26537,86837003329;0,013;4227976,398835757;0,013
10;0,03283594416768602;0,009047449800309632;0,0603603552662724;7472177,4095057035;0,025552353181214404;0,078;38382,68095259478;0,026;4055290,7367110346;0,024
11;0,03352024289396252;0,008956031133797808;0,06187093306579248;7378368,225706381;0,030077818642533102;0,09;35762,616996819124;0,029;3893020,358798781;0,028
12;0,03372953830252692;0,007019969827145616;0,06394968033054925;7327984,3244164605;0,03015128527181615;0,087;54138,641360072135;0,038;3675163,0720811905;0,042
13;0,03483661123439437;0,00699607133227292;0,06549016048176096;7121465,697104515;0,0326117464008229;0,103;64321,45017628202;0,047;3606204,7899977495;0,052
14;0,03495286706204118;0,0069015763510599515;0,06880622848090127;6923305,328058571;0,031135053748144535;0,088;83650,09217294752;0,059;3486750,215083919;0,06
15;0,03746738265584904;0,00714544532692194;0,07146649361152131;6914884,133334805;0,03389774910644131;0,107;53109,58732900034;0,045;3878858,6843729448;0,04
16;0,04050665255163232;0,0073128308910367715;0,07622890981139509;6251914,499981119;0,026956690918835874;0,085;53006,72045139063;0,048;3951527,2787523787;0,056
17;0,040364164549568045;0,007198199660540848;0,07677241600063621;6216288,524459782;0,021989705417116447;0,074;51341,723612643866;0,046;4119687,7416004357;0,059
18;0,040664377307664444;0,007255335282347485;0,07945960232761722;6258402,769351782;0,020177826341560467;0,059;50905,620744452244;0,049;4105809,1532416097;0,056
19;0,040921670312058504;0,007155643002600671;0,080414981861197;6295086,053733004;0,022608475136124698;0,074;63349,630513791155;0,066;4011836,5113238213;0,075
20;0,04114575280437093;0,007112810358075856;0,08391543994596821;6397837,092974112;0,02331544877628122;0,076;77642,50672033004;0,077;3958919,036958252;0,088
