annee;pm;tauxServi;tauxConcurrent;ppe;reserveCapitalisation;prestations;resultatFinancier;resultat;plusMoinsValuesLatentes
1;953236620,112979;0,029895729229053685;0,029600000000000022;37186318,14718348;15000000,0;69079694,06135973;29412842,531273067;6650190,577690259;-36676197,888359316
2;915696209,9890957;0,03177268112166532;0,031587337024955114;26921957,962175503;15000000,0;60593808,06804472;20793306,463022545;4815813,510273278;-29405018,79683461
3;879899660,5175163;0,03305383357654159;0,0329432942508487;16408165,658908237;15000000,0;59014252,045451425;20648562,13228138;4823439,670801759;-23045931,90633712
4;834118438,717415;0,03404460480471458;0,03399025033144835;6714576,0979678705;15000000,0;68576425,6436272;21100716,065441232;4984001,798283033;-17751858,62417707
5;796914088,3505677;0,03487216848870212;0,034864954564378006;0,0;15000000,0;59606114,24234417;24109180,44512914;5486113,083705269;-15880312,598233253
6;761172073,1494595;0,03561158072291203;0,0356115807229272;0,0;15000000,0;57670264,17503045;31489627,31253557;6703132,624081463;-21551092,959201224
7;715168076,2075404;0,03623357933270973;0,036233579332742044;0,0;15000000,0;67032841,70355482;28278752,929392077;4512344,403850704;-24203213,975264378
8;673033876,6494762;0,029302265491620415;0,03673608400377491;0,0;13786085,664100468;57530140,6313646;20348193,1837859;2306750,971407708;-18407743,93181035
9;621066212,5171763;0,03064032616282488;0,037130104437134985;0,0;13786085,664100468;67054441,40917928;19978111,974876933;2404511,5534717627;-14103737,439254366
10;574668485,7085661;0,03191217887802571;0,037429128310094734;0,0;13528245,00881685;61042619,13711567;19469891,011427704;2480829,5462183617;-10221666,5688055
11;532641615,78161496;0,03206121656412572;0,037647550076010686;0,0;13528245,00881685;55669845,94400337;18339103,63033761;2480258,4730526116;-6654794,434778102
12;493105388,8553858;0,03213044625479557;0,037799316165416576;0,0;13528245,00881685;52203072,25149609;17235890,401253257;2476765,0775117204;-3105226,9613199905
13;456517041,5788418;0,03349692358913164;0,03789530034758738;0,0;13528245,00881685;48907518,52511776;16868338,36507994;2576005,6679590084;-277012,8869655207
14;423960006,83508354;0,03431829485669583;0,037944048840670826;0,0;13528245,00881685;44318171,772594444;16261407,26943689;2632662,473466659;2100572,8133070245
15;395204059,1062948;0,0372206157576799;0,037952849558660684;0,0;13528245,00881685;40791702,903343014;16660515,042843368;2853976,57654834;3107325,730374083
16;371071062,2928446;0,037928287609690275;0,03792828760976544;0,0;13528245,00881685;35662001,00000276;16224563,790636314;3000811,837881794;3630284,6109134443
17;348653592,15306115;0,03787654246493043;0,03787654246493434;0,0;13528245,00881685;33231139,48661064;15914352,84331579;3476392,075811537;3660866,192847591
18;327160400,59592116;0,0378035546834048;0,03780355468343383;0,0;13516171,895824721;31620542,41016875;15121561,462480204;3439458,152219983;3712487,1936859526
19;306568522,8462502;0,03771512627526147;0,03771512627528764;0,0;13516171,895824721;30059012,57479337;14450842,742361616;3497548,970645368;3650731,7884570286
20;286857534,30360556;0,037616986836842815;0,037616986836953484;0,0;13516540,043506632;28545590,549754072;13757031,145387383;3503877,3155327383;3520400,70422782
