poste;montant
Valeur de marché des actifs;1083144843,637584
Best estimate stochastique;980036894,9638335
Best estimate équivalent certain;980059976,0280874
Écart BE stochastique - BE équivalent certain (vision assurés);-23081,064253926277
TVOG, vision actionnaires (PVFP équivalent certain - PVFP stochastique);2399707,770208761
BE des prestations garanties;763963990,8827736
FDB (prestations discrétionnaires futures);216072904,0810598
PVFP stochastique;77733594,1186676
PVFP équivalent certain;80133301,88887636
Impôts actualisés (stochastique);25203321,570939917
Impôts actualisés (équivalent certain);22530577,9252036
Écart du test de fuite (moyenne);171032,98414299346
Écart du test de fuite (en % des actifs);0,00015790407455442814
Erreur standard du BE;2951981,6144412598
Provisions sociales (PM + PPE);1040000000,0
