actions;immobilier;valeurNette;scrMarche;ratioValeurNetteSurScr;tauxServiMoyen10Ans;tauxServiQ5Min10Ans
0,04;0,04;103756738,54120827;40895801,50656378;2,5371000131775214;0,032775985125757294;0,011416918487182867
0,04;0,07;103628870,32139277;41194764,82133536;2,5155834915149677;0,03284713422390091;0,011436160879304448
0,04;0,1;103597040,6838597;43763142,87648499;2,367221224861456;0,032933505990629226;0,011425826973924028
0,08;0,04;103740303,39575648;44166529,257729866;2,3488443656142675;0,03298012621356722;0,01068169917145305
0,08;0,07;103599785,98823571;44861214,21174732;2,3093397672929497;0,03305282409891105;0,009491593659400253
0,08;0,1;103374562,0112077;45653306,06572967;2,264339013309867;0,03312519409172862;0,009444406063228057
0,12;0,04;103289595,95880163;46655198,610034905;2,2138925357952592;0,03291749729909202;0,006781135770230849
0,12;0,07;103107948,67386091;47502040,80240173;2,170600398049587;0,03290875497648997;0,006783548321990578
0,12;0,1;102802454,77736223;49536220,81269765;2,0752987024599747;0,03289324245517918;0,006754891667614423
0,16;0,04;102404189,51331449;49217852,10565388;2,0806310135901045;0,032563788154419515;0,0066473487901388606
0,16;0,07;102194218,5866859;51527813,58192272;1,9832826483935708;0,03249890217174311;0,0066583741780057975
0,16;0,1;100733514,7562151;53074938,21011393;1,897948790018928;0,032567105433172074;0,006663322678969643
0,2;0,04;100508835,53199363;53721865,29730493;1,8709111267034852;0,0322343053935686;0,006629869870342682
0,2;0,07;98585377,63534713;53739559,03063936;1,834502913936066;0,03230884098638997;0,006627125262491384
0,2;0,1;96220205,1102153;52988788,76619304;1,8158596818428128;0,03242145371101335;0,006621899866904898
