maturite,chocBaisse,chocHausse
1,0.75,0.7
2,0.65,0.7
3,0.56,0.64
4,0.5,0.59
5,0.46,0.55
6,0.42,0.52
7,0.39,0.49
8,0.36,0.47
9,0.33,0.44
10,0.31,0.42
11,0.3,0.39
12,0.29,0.37
13,0.28,0.35
14,0.28,0.34
15,0.27,0.33
16,0.28,0.31
17,0.28,0.3
18,0.28,0.29
19,0.29,0.27
20,0.29,0.26
21,0.2887142857142857,0.2591428571428572
22,0.2874285714285714,0.2582857142857143
23,0.28614285714285714,0.25742857142857145
24,0.28485714285714286,0.25657142857142856
25,0.28357142857142853,0.2557142857142857
26,0.28228571428571425,0.2548571428571429
27,0.28099999999999997,0.254
28,0.2797142857142857,0.25314285714285717
29,0.2784285714285714,0.2522857142857143
30,0.27714285714285714,0.25142857142857145
31,0.27585714285714286,0.25057142857142856
32,0.2745714285714286,0.24971428571428572
33,0.2732857142857143,0.24885714285714286
34,0.27199999999999996,0.248
35,0.2707142857142857,0.24714285714285716
36,0.2694285714285714,0.2462857142857143
37,0.2681428571428571,0.24542857142857144
38,0.26685714285714285,0.24457142857142858
39,0.26557142857142857,0.24371428571428572
40,0.2642857142857143,0.24285714285714285
41,0.263,0.24200000000000002
42,0.2617142857142857,0.24114285714285716
43,0.2604285714285714,0.2402857142857143
44,0.2591428571428571,0.23942857142857144
45,0.25785714285714284,0.23857142857142857
46,0.25657142857142856,0.2377142857142857
47,0.2552857142857143,0.23685714285714288
48,0.254,0.23600000000000002
49,0.2527142857142857,0.23514285714285715
50,0.25142857142857145,0.2342857142857143
51,0.2501428571428571,0.23342857142857143
52,0.24885714285714286,0.2325714285714286
53,0.24757142857142855,0.23171428571428573
54,0.24628571428571427,0.23085714285714287
55,0.245,0.23
56,0.24371428571428572,0.22914285714285715
57,0.24242857142857144,0.22828571428571431
58,0.24114285714285713,0.22742857142857142
59,0.23985714285714285,0.2265714285714286
60,0.23857142857142857,0.22571428571428573
61,0.2372857142857143,0.22485714285714287
62,0.236,0.224
63,0.2347142857142857,0.22314285714285714
64,0.23342857142857143,0.2222857142857143
65,0.23214285714285715,0.22142857142857145
66,0.23085714285714284,0.22057142857142858
67,0.22957142857142857,0.21971428571428572
68,0.2282857142857143,0.21885714285714286
69,0.227,0.218
70,0.2257142857142857,0.21714285714285714
71,0.22442857142857142,0.2162857142857143
72,0.22314285714285714,0.21542857142857144
73,0.22185714285714286,0.21457142857142858
74,0.22057142857142858,0.21371428571428572
75,0.2192857142857143,0.21285714285714286
76,0.218,0.21200000000000002
77,0.21671428571428572,0.21114285714285716
78,0.21542857142857144,0.2102857142857143
79,0.21414285714285713,0.20942857142857144
80,0.21285714285714286,0.20857142857142857
81,0.21157142857142858,0.20771428571428574
82,0.2102857142857143,0.20685714285714288
83,0.20900000000000002,0.20600000000000002
84,0.20771428571428574,0.20514285714285715
85,0.20642857142857143,0.2042857142857143
86,0.20514285714285715,0.20342857142857143
87,0.20385714285714288,0.2025714285714286
88,0.20257142857142857,0.20171428571428573
89,0.2012857142857143,0.20085714285714287
90,0.2,0.2
