age,lx,qx
0,100000,0.0037
1,99630,0.0003
2,99600,0.0002
3,99580,0.00014
4,99566,0.00012
5,99554,0.0001
6,99544,9e-05
7,99535,8e-05
8,99527,7e-05
9,99520,6e-05
10,99514,6e-05
11,99509,6e-05
12,99503,7e-05
13,99496,9e-05
14,99487,0.00012
15,99475,0.00016
16,99459,0.0002
17,99439,0.00023
18,99416,0.00025
19,99391,0.00027
20,99364,0.00025125
21,99339,0.00026178
22,99313,0.0002734
23,99286,0.00028623
24,99258,0.0003004
25,99228,0.00031604
26,99197,0.00033331
27,99164,0.00035238
28,99129,0.00037342
29,99092,0.00039666
30,99052,0.00042231
31,99010,0.00045062
32,98966,0.00048188
33,98918,0.00051639
34,98867,0.00055449
35,98812,0.00059655
36,98753,0.00064298
37,98690,0.00069424
38,98621,0.00075083
39,98547,0.00081329
40,98467,0.00088225
41,98380,0.00095838
42,98286,0.00104241
43,98183,0.00113518
44,98072,0.00123758
45,97951,0.00135062
46,97818,0.0014754
47,97674,0.00161315
48,97516,0.00176519
49,97344,0.00193302
50,97156,0.00211828
51,96950,0.00232276
52,96725,0.00254845
53,96479,0.00279756
54,96209,0.00307251
55,95913,0.00337596
56,95589,0.00371086
57,95235,0.00408046
58,94846,0.00448835
59,94420,0.00493845
60,93954,0.00543513
61,93443,0.00598318
62,92884,0.00658788
63,92272,0.00725503
64,91603,0.00799105
65,90871,0.00880299
66,90071,0.00969859
67,89197,0.01068639
68,88244,0.01177578
69,87205,0.01297708
70,86073,0.01430161
71,84842,0.01576183
72,83505,0.01737141
73,82055,0.01914532
74,80484,0.0211
75,78785,0.02325344
76,76953,0.02562533
77,74981,0.02823722
78,72864,0.03111261
79,70597,0.03427716
80,68177,0.03775883
81,65603,0.041588
82,62875,0.04579772
83,59995,0.05042378
84,56970,0.0555049
85,53808,0.06108289
86,50521,0.06720274
87,47126,0.07391274
88,43643,0.08126453
89,40096,0.08931314
90,36515,0.09811694
91,32932,0.10773753
92,29384,0.11823951
93,25910,0.12969019
94,22550,0.14215912
95,19344,0.15571745
96,16332,0.1704371
97,13548,0.18638973
98,11023,0.20364537
99,8778,0.22227088
100,6827,0.24232792
101,5173,0.26387069
102,3808,0.28694322
103,2715,0.31157633
104,1869,0.33778414
105,1238,0.36556037
106,785,0.3948742
107,475,0.42566617
108,273,0.457844
109,148,0.49127865
110,75,0.52580097
111,36,0.56119927
112,16,0.59721812
113,6,0.63355908
114,2,0.66988356
115,1,0.70581853
